id,name,department,salary,city
1,Alice Johnson,Engineering,95000,San Francisco
2,Bob Smith,Marketing,72000,New York
3,Carol White,Engineering,105000,San Francisco
4,David Brown,HR,68000,Chicago
5,Eva Martinez,Engineering,115000,San Francisco
6,Frank Wilson,Marketing,78000,New York
7,Grace Lee,Sales,82000,Los Angeles
8,Henry Taylor,Engineering,125000,San Francisco
9,Ivy Chen,HR,71000,Chicago
10,Jack Anderson,Sales,76000,Los Angeles
11,Karen Thomas,Marketing,85000,New York
12,Leo Garcia,Engineering,108000,San Francisco
13,Maria Rodriguez,Finance,92000,New York
14,Nathan Scott,Engineering,112000,San Francisco
15,Olivia Davis,HR,73000,Chicago
16,Peter Kim,Sales,79000,Los Angeles
17,Quinn Adams,Engineering,118000,San Francisco
18,Rachel Green,Marketing,81000,New York
19,Steve Harris,Finance,97000,New York
20,Tina Turner,Engineering,102000,San Francisco
21,Uma Patel,Sales,84000,Los Angeles
22,Victor Huang,Engineering,130000,San Francisco
23,Wendy Clark,HR,69000,Chicago
24,Xavier Reed,Marketing,77000,New York
25,Yolanda King,Finance,88000,New York
26,Zach Moore,Engineering,122000,San Francisco
27,Amy Baker,Sales,80000,Los Angeles
28,Brian Hall,Engineering,110000,San Francisco
29,Cindy Young,Marketing,83000,New York
30,Dan Wright,Engineering,127000,San Francisco
31,Emily Ross,Finance,93000,New York
32,George Hill,HR,74000,Chicago
33,Hannah Evans,Sales,78000,Los Angeles
34,Ivan Foster,Engineering,119000,San Francisco
35,Julia Murphy,Marketing,86000,New York
36,Karl Watson,Engineering,135000,San Francisco
37,Linda Brooks,Finance,91000,New York
38,Mike Cooper,Engineering,107000,San Francisco
39,Nancy Ward,HR,72000,Chicago
40,Oscar Diaz,Sales,81000,Los Angeles
41,Patty Jenkins,Engineering,114000,San Francisco
42,Quincy Bell,Marketing,79000,New York
43,Rose Perry,Finance,95000,New York
44,Shawn Long,Engineering,121000,San Francisco
45,Tracy Howard,HR,70000,Chicago
46,Uri Mason,Sales,83000,Los Angeles
47,Vera Coleman,Engineering,116000,San Francisco
48,Walter James,Marketing,82000,New York
49,Xena Fisher,Engineering,128000,San Francisco
50,Yuri West,Finance,94000,New York
51,Zoe Griffin,Engineering,133000,San Francisco
52,Aaron Gray,HR,75000,Chicago
53,Bella Price,Marketing,84000,New York
54,Carlos Rivera,Sales,80000,Los Angeles
55,Diana Cruz,Engineering,120000,San Francisco
56,Edward Nash,Finance,96000,New York
57,Fiona Hayes,Engineering,113000,San Francisco
58,Greg Russell,Marketing,78000,New York
59,Holly Simmons,Engineering,126000,San Francisco
60,Ian Porter,HR,71000,Chicago
