date,product,region,quantity,price,total
2024-01-15,Widget A,North,150,29.99,4498.50
2024-01-16,Gadget B,South,200,49.99,9998.00
2024-01-17,Widget A,East,175,29.99,5248.25
2024-01-18,Gadget B,West,125,49.99,6248.75
2024-01-19,Tool C,North,300,19.99,5997.00
2024-01-22,Widget A,South,225,29.99,6747.75
2024-01-23,Gadget B,East,180,49.99,8998.20
2024-01-24,Tool C,West,250,19.99,4997.50
2024-01-25,Widget A,North,190,29.99,5698.10
2024-01-26,Gadget B,South,160,49.99,7998.40
2024-02-01,Widget A,East,210,29.99,6297.90
2024-02-02,Gadget B,West,145,49.99,7248.55
2024-02-05,Tool C,North,320,19.99,6396.80
2024-02-06,Widget A,South,185,29.99,5548.15
2024-02-07,Gadget B,East,195,49.99,9748.05
2024-02-08,Tool C,West,275,19.99,5497.25
2024-02-09,Widget A,North,230,29.99,6897.70
2024-02-12,Gadget B,South,170,49.99,8498.30
2024-02-13,Tool C,East,290,19.99,5797.10
2024-02-14,Widget A,West,205,29.99,6147.95
2024-02-15,Gadget B,North,155,49.99,7748.45
2024-02-16,Tool C,South,265,19.99,5297.35
2024-02-19,Widget A,East,240,29.99,7197.60
2024-02-20,Gadget B,West,185,49.99,9248.15
2024-02-21,Tool C,North,310,19.99,6196.90
2024-02-22,Widget A,South,215,29.99,6447.85
2024-02-23,Gadget B,East,140,49.99,6998.60
2024-02-26,Tool C,West,285,19.99,5697.15
2024-02-27,Widget A,North,250,29.99,7497.50
2024-02-28,Gadget B,South,175,49.99,8748.25
2024-03-01,Widget A,East,220,29.99,6597.80
2024-03-02,Gadget B,West,160,49.99,7998.40
2024-03-04,Tool C,North,335,19.99,6696.65
2024-03-05,Widget A,South,200,29.99,5998.00
2024-03-06,Gadget B,East,190,49.99,9498.10
2024-03-07,Tool C,West,295,19.99,5897.05
2024-03-08,Widget A,North,260,29.99,7797.40
2024-03-11,Gadget B,South,180,49.99,8998.20
2024-03-12,Tool C,East,305,19.99,6096.95
2024-03-13,Widget A,West,235,29.99,7047.65
2024-03-14,Gadget B,North,165,49.99,8248.35
2024-03-15,Tool C,South,280,19.99,5597.20
2024-03-18,Widget A,East,245,29.99,7347.55
2024-03-19,Gadget B,West,150,49.99,7498.50
2024-03-20,Tool C,North,315,19.99,6296.85
2024-03-21,Widget A,South,210,29.99,6297.90
2024-03-22,Gadget B,East,170,49.99,8498.30
2024-03-25,Tool C,West,270,19.99,5397.30
2024-03-26,Widget A,North,255,29.99,7647.45
2024-03-27,Gadget B,South,185,49.99,9248.15
2024-03-28,Tool C,East,300,19.99,5997.00
2024-03-29,Widget A,West,225,29.99,6747.75
2024-04-01,Gadget B,North,175,49.99,8748.25
2024-04-02,Tool C,South,290,19.99,5797.10
2024-04-03,Widget A,East,240,29.99,7197.60
2024-04-04,Gadget B,West,160,49.99,7998.40
2024-04-05,Tool C,North,325,19.99,6496.75
